iso_code,country_name,year,UN_subregion,UN_region,SDG_region,UNICEF_region,WHO_region,WB_income_group,WB_region,survey_sample_size,severe_wasting,wasting,overweight,stunting,underweight,notes,report_author,source,under5
AFG,AFGHANISTAN,2013.0,Southern Asia,Asia,Central Asia and Southern Asia,South Asia,EMRO,Low Income,South Asia,21922.0,4.0,9.5,5.4,40.9,25.0,(pending reanalysis),"Ministry of Public Health, UNICEF and the Aga Khan University (AKU).",Afghanistan National Nutrition Survey 2013.,5235867.0
ALB,ALBANIA,2009.0,Southern Europe,Europe,Northern America and Europe,Eastern Europe and Central Asia,EURO,Upper Middle Income,Europe & Central Asia,1490.0,5.9,9.4,23.4,23.1,6.3,-1,"Institute of Statistics, Institute of Public Health [Albania] and ICF Macro.","Albania demographic and health survey 2008-09. Demographic and Health Surveys. Tirana, Albania: Institute of Statistics, Institute of Public Health and ICF Macro, 2010 (and additional analysis).",179148.00000000003
DZA,ALGERIA,2012.0,Northern Africa,Africa,Western Asia and Northern Africa,Middle East and North Africa,AFRO,Upper Middle Income,Middle East & North Africa,13860.0,1.4,4.1,12.4,11.7,3.0,-1,"Ministère de la Santé, de la Population et de la Réforme Hospitalière.","République Algérienne Démocratiqe et Populaire enquête par grappes à indicateurs mulitples (MICS) 2012-2013. Rapport final. Ministère de la Santé, de la Population et de la Réforme Hospitalière, 2015.",4340456.0
AGO,ANGOLA,2016.0,Middle Africa,Africa,Sub-Saharan Africa,Eastern and Southern Africa,AFRO,Lower Middle Income,Sub-Saharan Africa,7468.0,1.0,4.9,3.3,37.6,19.0,(pending reanalysis),"Instituto Nacional de Estatística (INE), Ministério da Saúde (MINSA), Ministério do Planeamento e do Desenvolvimento Territorial (MINPLAN) and ICF International.","Instituto Nacional de Estatística (INE), Ministério da Saúde (MINSA), Ministério do Planeamento e do Desenvolvimento Territorial (MINPLAN) and ICF International.",5277121.999999999
ARG,ARGENTINA,2005.0,South America,Latin America and the Caribbean,Latin America and the Caribbean,Latin America and Caribbean,AMRO,Upper Middle Income,Latin America & Caribbean,999999.0,0.2,1.2,9.9,8.2,2.3,-1,"Durán P, Mangialavori G, Biglieri A, Kogan L, Gilardon EA.",Nutrition status in Argentinean children 6 to 72 months old. Results from the National Nutrition and Health Survey (ENNyS). Archivos Argentinos de Pediatria 2009;107:397-404 (and additional analysis).,3594875.999999999
ARM,ARMENIA,2016.0,Western Asia,Asia,Western Asia and Northern Africa,Eastern Europe and Central Asia,EURO,Lower Middle Income,Europe & Central Asia,1609.0,1.5,4.2,13.6,9.4,2.6,(pending reanalysis),"National Statistical Service Armenia, Yerevan; Ministry of Health Armenia, Yerevan; The DHS Program ICF International Rockville Maryland",Armenia Demographic and Health Survey 2015-16 Key Indicators Report. September 2016,202198.99999999997
AUS,AUSTRALIA,2007.0,Australia/New Zealand,Oceania,Australia and New Zealand,East Asia and Pacific,WPRO,High Income,East Asia & Pacific,1007.0,0.0,0.0,7.7,2.0,0.2,Age-adjusted,Australian Bureau of Statistics and Commonwealth Department of Health and Family Services,"The 2007 national children's nutrition and physical activity survey. Canberra, Australia: DoHA, 2010 (and additional analysis).",1329367.0
AZE,AZERBAIJAN,2013.0,Western Asia,Asia,Western Asia and Northern Africa,Eastern Europe and Central Asia,EURO,Upper Middle Income,Europe & Central Asia,1569.0,1.1,3.1,13.0,18.0,4.9,-1,"Ministry of Health, State Statistical Committee and UNICEF [Azerbaijan].","Azerbaijan nutrition survey  (AzNS), 2013. Baku, Republic of Azerbaijan, 2014.",813868.0000000001
BHR,BAHRAIN,1995.0,Western Asia,Asia,Western Asia and Northern Africa,Middle East and North Africa,EMRO,High Income,Middle East & North Africa,673.0,-1.0,6.6,-1.0,13.6,7.6,Converted estimates (Bahraini),Naseeb T and Farid SM.,"Bahrain family health survey 1995: principal report. Manama, Bahrain: Ministry of Health, 2000.",61291.00000000001
BGD,BANGLADESH,2014.0,Southern Asia,Asia,Central Asia and Southern Asia,South Asia,SEARO,Lower Middle Income,South Asia,7318.0,3.1,14.3,1.4,36.1,32.6,(pending reanalysis),"National Institute of Population Research and Training (NIPORT), Mitra and Associates, and ICF International.","Bangladesh demographic and health survey 2014: Key indicators. Demographic and Health Surveys. Dhaka, Bangladesh, and Rockville, Maryland, USA: NIPORT, Mitra and Associates and ICF International, 2015 (pending reanalysis).",15329075.0
BRB,BARBADOS,2012.0,Caribbean,Latin America and the Caribbean,Latin America and the Caribbean,Latin America and Caribbean,AMRO,High Income,Latin America & Caribbean,403.0,2.0,6.8,12.2,7.7,3.5,-1,Barbados Statistical Service (BSS).,"Barbados multiple indicator cluster survey 2012: Final report (MICS4). Bridgetown, Barbados: BSS, 2014.",17318.0
BLR,BELARUS,2005.0,Eastern Europe,Europe,Northern America and Europe,Eastern Europe and Central Asia,EURO,Upper Middle Income,Europe & Central Asia,3031.0,0.6,2.2,9.7,4.5,1.3,-1,Ministry of Statistics and Analysis (MSA) of the Republic of Belarus and Research Institute of Statistics of the MSA of the Republic of Belarus.,"Belarus multiple indicator cluster survey 2005, final report. Minsk, Republic of Belarus: Ministry of Statistics and Analysis [Belarus] and Research Institute of Statistics of the MSA [Belarus], 2007 (and additional analysis).",448326.0
BLZ,BELIZE,2015.0,Central America,Latin America and the Caribbean,Latin America and the Caribbean,Latin America and Caribbean,AMRO,Upper Middle Income,Latin America & Caribbean,-1.0,0.5,1.8,7.3,15.0,4.6,(pending reanalysis),"Statistical Institute of Belize, Government of Belize, and UNICEF","Belize Multiple Indicator Cluster Survey 2015: Key Findings. Belmopan, Belize., 2016",39454.0
BEN,BENIN,2014.0,Western Africa,Africa,Sub-Saharan Africa,West and Central Africa,AFRO,Low Income,Sub-Saharan Africa,-1.0,0.9,4.5,1.7,34.0,18.0,(pending reanalysis),Institut National de la Statistique et de l'Analyse Economique (INSAE).,"Enquête par grappes a indicateurs multiples (MICS) 2014, Résultats clés. Cotonou, Benin: INSAE, 2015.",1704411.0
BTN,BHUTAN,2010.0,Southern Asia,Asia,Central Asia and Southern Asia,South Asia,SEARO,Lower Middle Income,South Asia,6138.0,2.0,5.9,7.6,33.6,12.8,-1,National Statistics Bureau (NSB).,"Bhutan multiple indicator cluster survey (BMIS) 2010. Thimphu, Bhutan: NSB, May 2011 (and additional analysis).",73480.0
BOL,BOLIVIA (PLURINATIONAL STATE OF),2012.0,South America,Latin America and the Caribbean,Latin America and the Caribbean,Latin America and Caribbean,AMRO,Lower Middle Income,Latin America & Caribbean,10887.0,0.5,1.6,-1.0,18.1,3.6,(pending reanalysis),"Ministerio de Salud, Unidad de Análisis de Políticas Sociales y Económicas (UDAPE).",Encuesta de Evaluación de Salud y Nutrición 2012: Informe de Resultados,1189367.0
BIH,BOSNIA AND HERZEGOVINA,2012.0,Southern Europe,Europe,Northern America and Europe,Eastern Europe and Central Asia,EURO,Upper Middle Income,Europe & Central Asia,2201.0,1.6,2.3,17.4,8.9,1.5,-1,"Agency for Statistics [Bosnia and Herzegovina], the Federal Ministry of Health, the Ministry of Health and Social Welfare [Republic of Srpska], and","Institute for Public Health [Federation of Bosnia and Herzegovina]. Bosnia and Herzegovina multiple indicator cluster survey (MICS) 2011-2012. Final report. Sarajevo, Federation of Bosnia and Herzegovina: UNICEF, 2013 (and additional analysis).",179641.0
BWA,BOTSWANA,2007.0,Southern Africa,Africa,Sub-Saharan Africa,Eastern and Southern Africa,AFRO,Upper Middle Income,Sub-Saharan Africa,2623.0,3.2,7.2,11.2,31.4,11.2,-1,Central Statistics Office (CSO) and UNICEF.,"2007 Botswana family health survey IV report. Gaborone, Botswana: CSO, 2009 (and additional analysis by UNICEF).",221701.99999999997
BRA,BRAZIL,2007.0,South America,Latin America and the Caribbean,Latin America and the Caribbean,Latin America and Caribbean,AMRO,Upper Middle Income,Latin America & Caribbean,4415.0,0.4,1.6,7.3,7.1,2.2,-1,Centro Brasileiro de Análise e Planejamento [CEBRAP].,"Pesquisa nacional de demografia e saúde da criança e da mulher - PNDS 2006. Relatório da pesquisa. Sao Paulo: CEBRAP, 2008 (http://bvsms.saude.gov.br/bvs/pnds/index.php and additional analysis).",15733439.999999998
BRN,BRUNEI DARUSSALAM,2009.0,South-Eastern Asia,Asia,Eastern Asia and South-eastern Asia,East Asia and Pacific,WPRO,High Income,East Asia & Pacific,1126.0,0.4,2.9,8.3,19.7,9.6,-1,"Ministry of Health, Brunei Darussalam.","2nd National health and nutritional status survey (NHANSS). Phase 1: 0-5 years old. Brunei Darussalam, January 2013.",31444.000000000004
BGR,BULGARIA,2004.0,Eastern Europe,Europe,Northern America and Europe,Eastern Europe and Central Asia,EURO,Upper Middle Income,Europe & Central Asia,315.0,1.3,3.2,13.6,8.8,1.6,Age interval 1-5; unadjusted;,"Baykova D, Duleva V,  Petrova S, Angelova K, Jordanov B, Vatralova K, Ovcharova D.","National monitoring of dietary intake and nutritional status of Bulgarian population, 2004. Department of Nutrition and Public Health, National Center of Public Health Protection, Sofia, Bulgaria (and additional analysis).",322054.0
BFA,BURKINA FASO,2016.0,Western Africa,Africa,Sub-Saharan Africa,West and Central Africa,AFRO,Low Income,Sub-Saharan Africa,9449.0,1.4,7.6,1.2,27.3,19.2,-1,"Ministère de la santé, USAID,  UNICEF, WFP, WHO.","Enquête nutritionnelle nationale 2016. Burkina Faso  SMART Survey (and additional analysis). Rapport final, December 2016",3220646.0
BDI,BURUNDI,2016.0,Eastern Africa,Africa,Sub-Saharan Africa,Eastern and Southern Africa,AFRO,Low Income,Sub-Saharan Africa,6464.0,0.9,5.1,1.4,55.9,29.3,(pending reanalysis),Institut de Statistiques et d’Études Économiques du Burundi (ISTEEBU),Troisième Enquête Démographique et de Santé au Burundi (EDSB-III) 2016-2017 Indicateurs Clés,1901345.0
CPV,CABO VERDE,1994.0,Western Africa,Africa,Sub-Saharan Africa,West and Central Africa,AFRO,Lower Middle Income,Sub-Saharan Africa,1610.0,-1.0,6.9,-1.0,21.4,11.8,Converted estimates,"Ferreira Medina JB, Skard T, Sobhy S, America Ungaretti M.","A saude das crianças menores de cinco anos em Cabo Verde. Ministério de Saude e Promoçao Social e UNICEF. Cabo Verde, 1996 (and additional analysis).",63596.99999999999
KHM,CAMBODIA,2014.0,South-Eastern Asia,Asia,Eastern Asia and South-eastern Asia,East Asia and Pacific,WPRO,Lower Middle Income,East Asia & Pacific,4893.0,2.3,9.6,2.0,32.4,23.9,(pending reanalysis),"National Institute of Statistics, Ministry of Health, ICF International.","Cambodia demographic and health survey (2014 CDHS): Key indicators. Demographic and Health Surveys. Phnom Penh, Cambodia: National Institute of Statistics, 2015 (pending reanalysis).",1758251.0
CMR,CAMEROON,2014.0,Middle Africa,Africa,Sub-Saharan Africa,West and Central Africa,AFRO,Lower Middle Income,Sub-Saharan Africa,-1.0,1.3,5.2,6.7,31.7,14.8,(pending reanalysis),Institut National de la Statistique.,"Enquête par grappes à indicateurs multiples (MICS5), 2014, Rapport de résultats clés. Yaoundé, Cameroun, Institut National de la Statistique, 2015.",3679344.0000000005
CAN,CANADA,2004.0,Northern America,Northern America,Northern America and Europe,North America,AMRO,High Income,North America,-1.0,-1.0,-1.0,10.4,-1.0,-1.0,Age-adjusted; overweight using BMI-for-age z-scores,"Shields M, Tremblay MS.","Canadian childhood obesity estimates based on WHO, IOTF and CDC cut-points. International Journal of Pediatric Obesity 2010;5:265-73.",1704406.0
CAF,CENTRAL AFRICAN REPUBLIC (THE),2010.0,Middle Africa,Africa,Sub-Saharan Africa,West and Central Africa,AFRO,Low Income,Sub-Saharan Africa,10232.0,1.9,7.4,1.8,40.7,23.5,(pending reanalysis),"Institut Centrafricain des Statistiques, et des Etudes Economiques et Sociales (ICASEES).","Suivi de la situation des enfants, des femmes et des hommes. Enquête par grappes à indicateurs multiples - MICS couplée avec la sérologie VIH, RCA, 2010: Rapport final. Bangui, RCA: ICASEES, 2012.",713165.0
TCD,CHAD,2015.0,Middle Africa,Africa,Sub-Saharan Africa,West and Central Africa,AFRO,Low Income,Sub-Saharan Africa,-1.0,4.2,13.0,2.5,39.9,28.8,(pending reanalysis),"Institut National de la Statistique, des Études Économiques et Démographiques (INSEED), Ministère de la Santé Publique (MSP) et ICF International.","Enquête Démographique et de Santé et à Indicateurs Multiples du Tchad 2014-2015. Rockville, Maryland, USA: INSEED, MSP et ICF International, 2016.",2600644.0
CHL,CHILE,2014.0,South America,Latin America and the Caribbean,Latin America and the Caribbean,Latin America and Caribbean,AMRO,High Income,Latin America & Caribbean,839435.0,-1.0,0.3,9.3,1.8,0.5,-1,"Ministerio de Salud, Departamento de Alimentos y Nutricion, Departamento de Estadistica e Informacion (DEIS/Minsal).","National health service system: 2014. Santiago, Chile, 2015 (and additional analysis).",1206927.0
CHN,CHINA,2013.0,Eastern Asia,Asia,Eastern Asia and South-eastern Asia,East Asia and Pacific,WPRO,Upper Middle Income,East Asia & Pacific,28840.0,-1.0,1.9,-1.0,8.1,2.4,-1,"National Center for Nutrition and Health, Chinese Center for Disease Control and Prevention",China Nutrition and Health Surveillance (CNHS) 2013,84981605.00000001
COL,COLOMBIA,2010.0,South America,Latin America and the Caribbean,Latin America and the Caribbean,Latin America and Caribbean,AMRO,Upper Middle Income,Latin America & Caribbean,15821.0,0.2,0.9,4.8,12.7,3.4,-1,"Ojeda G, Ordoñez M, Hernando Ochoa L.","Encuesta nacional de demografia y salud 2010. Demographic and  Health Surveys. Bogota, Colombia: Profamilia, 2011 (and additional analysis).",3929005.0000000005
COM,COMOROS (THE),2012.0,Eastern Africa,Africa,Sub-Saharan Africa,Eastern and Southern Africa,AFRO,Low Income,Sub-Saharan Africa,3119.0,4.4,11.1,10.9,32.1,16.9,-1,Direction Générale de la Statistique et de la Prospective (DGSP) et ICF International.,"Enquête démographique et de santé et à indicateurs multiples aux Comores 2012. Demograohic and Health Surveys and MICS. Rockville, MD 20850, USA : DGSP et ICF International, 2014 (and additional analysis).",111399.0
COG,CONGO (THE),2015.0,Middle Africa,Africa,Sub-Saharan Africa,West and Central Africa,AFRO,Lower Middle Income,Sub-Saharan Africa,-1.0,2.6,8.2,5.9,21.2,12.3,(pending reanalysis),Institut National de la Statistique (INS) et UNICEF.,"Enquête par grappes à indicateurs multiples, MICS5 CONGO 2014-2015, Rapport de résultats clés. Brazzaville, Congo, INS et UNICEF, 2015.",813950.0
CRI,COSTA RICA,2008.0,Central America,Latin America and the Caribbean,Latin America and the Caribbean,Latin America and Caribbean,AMRO,Upper Middle Income,Latin America & Caribbean,351.0,-1.0,1.0,8.1,5.6,1.1,-1,Ministerio de Salud.,"Encuesta nacional de nutricion 2008-2009. San Jose, Costa Rica, 2011.",356955.0
CIV,COTE D'IVOIRE,2012.0,Western Africa,Africa,Sub-Saharan Africa,West and Central Africa,AFRO,Lower Middle Income,Sub-Saharan Africa,3744.0,1.8,7.6,3.2,29.6,15.7,-1,Institut National de la Statistique (INS) et ICF International.,"Enquête démographique et de santé et à indicateurs multiples de Côte d'Ivoire 2011-2012. Demographic and Health Surveys and MICS. Calverton, Maryland, USA : INS et ICF International, 2012 (and additional analysis).",3511797.0000000005
CUB,CUBA,2000.0,Caribbean,Latin America and the Caribbean,Latin America and the Caribbean,Latin America and Caribbean,AMRO,Upper Middle Income,Latin America & Caribbean,1571.0,-1.0,2.4,-1.0,7.0,3.4,Converted estimates,"UNICEF, Instituto de Nutrición e Higiene de los Alimentos","Encuesta de agrupacion de indicadores multiples: Informe final, diciembre del 2000 (MICS2). La Habana, Cuba, 2000 (and additional analysis).",753523.0
CZE,CZECH REPUBLIC (THE),2001.0,Eastern Europe,Europe,Northern America and Europe,Western Europe,EURO,High Income,Europe & Central Asia,16932.0,1.0,4.6,4.4,2.6,2.1,-1,"Vignerova J, Riedlova J, Blaha P, Kobzova J, Krejcovsky L, Brabec M, Hruskova M.","6th nationwide anthropological survey of children and adolescents 2001, Czech Republic. Summary results. Prague, Czech Republic: National Institute of Public Health, 2006 (and additional analysis).",417626.00000000006
PRK,DEMOCRATIC PEOPLE'S REP. OF KOREA (THE),2012.0,Eastern Asia,Asia,Eastern Asia and South-eastern Asia,East Asia and Pacific,SEARO,Low Income,East Asia & Pacific,8036.0,0.6,4.0,-1.0,27.9,15.2,-1,Central Bureau of Statistics [Democratic People's Republic of Korea].,"Final report of the national nutrition survey 2012, September 17th to October 17th 2012. Pyongyang, Democratic People's Republic of Korea, 2013.",1696640.0
COD,DEMOCRATIC REP. OF THE CONGO (THE),2013.0,Middle Africa,Africa,Sub-Saharan Africa,West and Central Africa,AFRO,Low Income,Sub-Saharan Africa,9395.0,2.8,8.1,4.4,42.6,23.4,-1,"Ministère du Plan et Suivi de la Mise en oeuvre de la Révolution de la Modernité (MPSMRM), Ministère de la Santé Publique (MSP) et ICF International.","Enquête démographique et de santé en République Démocratique du Congo 2013-2014. Demographic and Health Surveys. Rockville, Maryland, USA : MPSMRM, MSP et ICF International, 2014 (and additional analysis).",13347830.999999998
DJI,DJIBOUTI,2012.0,Eastern Africa,Africa,Sub-Saharan Africa,Eastern and Southern Africa,EMRO,Lower Middle Income,Middle East & North Africa,3205.0,9.1,21.5,8.1,33.5,29.8,-1,Ministère de la Santé et PAPFAM.,"Enquête djiboutienne à indicateurs multiples (EDIM): Rapport preliminaire. Djibouti: Ministère de la Santé et PAPFAM, 2013 (and additional analysis).",99067.0
DOM,DOMINICAN REPUBLIC (THE),2013.0,Caribbean,Latin America and the Caribbean,Latin America and the Caribbean,Latin America and Caribbean,AMRO,Upper Middle Income,Latin America & Caribbean,3691.0,0.8,2.4,7.6,7.1,4.0,-1,Centro de Estudios Sociales y Demográficos (CESDEM) y ICF International.,"Encuesta demográfica y de salud 2013. Demographic and Health Surveys. Santo Domingo, República Dominicana: CESDEM y ICF International, 2014 (and additional analysis).",1063447.9999999998
ECU,ECUADOR,2012.0,South America,Latin America and the Caribbean,Latin America and the Caribbean,Latin America and Caribbean,AMRO,Upper Middle Income,Latin America & Caribbean,8795.0,0.7,2.3,7.5,25.2,6.4,-1,"Freire WB, Silva-Jaramillo KM, Ramírez-Luzuriaga MJ, Belmont P, Waters WF.",The double burden of undernutrition and excess body weight in Ecuador. American Journal of Clinical Nutrition 2014;100:1636S-43S. doi: 10.3945/ajcn.114.083766 (and additional analysis).,1603808.0000000002
EGY,EGYPT,2014.0,Northern Africa,Africa,Western Asia and Northern Africa,Middle East and North Africa,EMRO,Lower Middle Income,Middle East & North Africa,14904.0,4.8,9.5,15.7,22.3,7.0,-1,"Ministry of Health and Population [Egypt], El-Zanaty and Associates [Egypt], and ICF International.","Egypt demographic and health survey 2014. Demographic and Health Surveys. Cairo, Egypt and Rockville, Maryland, USA: Ministry of Health and Population and ICF International, 2015.",11982539.0
SLV,EL SALVADOR,2014.0,Central America,Latin America and the Caribbean,Latin America and the Caribbean,Latin America and Caribbean,AMRO,Lower Middle Income,Latin America & Caribbean,-1.0,0.4,2.1,6.4,13.6,5.0,(pending reanalysis),Ministerio de Salud/Instituto Nacional de Salud y UNICEF.,"Encuesta nacional de salud 2014 - Encuesta de indicadores multiples por conglomerados 2014, Resultados principales. San Salvador, El Salvador: Ministerio de Salud e Instituto Nacional de Salud.",584868.0
GNQ,EQUATORIAL GUINEA,2011.0,Middle Africa,Africa,Sub-Saharan Africa,West and Central Africa,AFRO,Upper Middle Income,Sub-Saharan Africa,1094.0,1.7,3.1,9.7,26.2,5.6,(pending reanalysis),"Ministerio de Sanidad y Bienestar Social (MSBS), Ministerio de Economía, Planificación, e Inversiones Públicas (MEPIP), ICF International.","Encuesta demográfica y de salud en Guinea Ecuatorial (EDSGE-I). Demographic and Health Surveys. Guinea Ecuatorial y Calverton, Maryland, USA: MSBS, MEPIP e ICF, 2012.",155894.0
ERI,ERITREA,2010.0,Eastern Africa,Africa,Sub-Saharan Africa,Eastern and Southern Africa,AFRO,Low Income,Sub-Saharan Africa,6476.0,4.2,15.3,1.9,50.3,38.8,(pending reanalysis),National Statistics Office (NSO) [Eritrea] and Fafo AIS [Norway].,"Eritrea population and health survey 2010. Asmara, Eritrea: National Statistics Office and Fafo Institute for Applied International Studies, 2013.",715420.0000000001
ETH,ETHIOPIA,2016.0,Eastern Africa,Africa,Sub-Saharan Africa,Eastern and Southern Africa,AFRO,Low Income,Sub-Saharan Africa,10552.0,2.9,9.9,2.8,38.4,23.6,(pending reanalysis),Central Statistical Agency (CSA) [Ethiopia] and ICF,"Ethiopia Demographic and Health Survey 2016: Key Indicators Report. Addis Ababa, Ethiopia, and Rockville, Maryland, USA. CSA and ICF",15177181.0
FJI,FIJI,2004.0,Melanesia,Oceania,Oceania excluding Australia and New Zealand,East Asia and Pacific,WPRO,Upper Middle Income,East Asia & Pacific,818.0,2.0,6.3,5.1,7.5,5.3,-1,National Food and Nutrition Centre.,"2004 Fiji national nutrition survey: Main report. Suva, Fiji, 2007 (and additional analysis).",89952.0
GAB,GABON,2012.0,Middle Africa,Africa,Sub-Saharan Africa,West and Central Africa,AFRO,Upper Middle Income,Sub-Saharan Africa,4031.0,1.3,3.4,7.7,17.5,6.5,-1,Direction Générale de la Statistique (DGS) et ICF International.,"Enquête démographique et de santé du Gabon 2012. Demographic and Health Surveys. Calverton, Maryland, et Libreville, Gabon : DGS et ICF International, 2013 (and additional analysis).",247010.00000000003
GMB,GAMBIA (THE),2013.0,Western Africa,Africa,Sub-Saharan Africa,West and Central Africa,AFRO,Low Income,Sub-Saharan Africa,3372.0,4.3,11.1,3.2,25.0,16.4,(pending reanalysis),The Gambia Bureau of Statistics (GBOS) and ICF International.,"The Gambia Demographic and Health Survey 2013. Banjul, The Gambia, and Rockville, Maryland, USA: GBOS and ICF International, 2014.",335659.0
GEO,GEORGIA,2009.0,Western Asia,Asia,Western Asia and Northern Africa,Eastern Europe and Central Asia,EURO,Lower Middle Income,Europe & Central Asia,3020.0,0.6,1.6,19.9,11.3,1.1,-1,"Georgia National Center for Disease Control and Public Health (NCDC&PH), UNICEF.","Report of the Georgia national nutrition survey (GNNS) 2009. Tbilisi, Georgia: NCDC&PH and UNICEF, 2010.",273752.0
DEU,GERMANY,2005.0,Western Europe,Europe,Northern America and Europe,Western Europe,EURO,High Income,Europe & Central Asia,4667.0,0.1,1.0,3.5,1.3,1.1,-1,"Kurth BM, Schaffrath Rosario A.","Die Verbreitung von Übergewicht und Adipositas bei Kindern und Jugendlichen in Deutschland. Ergebnisse des bundesweiten Kinder- und Jugendgesundheitssurveys (KiGGS). Bundesgesundheitsblatt - Gesundheitsforschung - Gesundheitsschutz 50, 736-743.",3599276.9999999995
GHA,GHANA,2014.0,Western Africa,Africa,Sub-Saharan Africa,West and Central Africa,AFRO,Lower Middle Income,Sub-Saharan Africa,2895.0,0.7,4.7,2.6,18.8,11.0,(pending reanalysis),"Ghana Statistical Service (GSS), National Public Health and Reference Laboratory (NPHRL) and the Ghana Health Service (GHS).","2014 Ghana demographic and health survey (2014 GDHS): Key indicators. Demographic and Health Surveys. Accra, Ghana: GSS, NPHRL, GHS, 2015 (pending reanalysis).",3963270.0
GTM,GUATEMALA,2015.0,Central America,Latin America and the Caribbean,Latin America and the Caribbean,Latin America and Caribbean,AMRO,Lower Middle Income,Latin America & Caribbean,12567.0,0.1,0.7,4.7,46.5,12.6,-1," Ministerio de Salud Pública y Asistencia Social (MSPAS), Instituto Nacional de Estadística (INE), ICF Internacional."," Encuesta Nacional de Salud Materno Infantil 2014-2015. Ciudad de Guatemala, Guatemala, 2015.",1994029.0
GIN,GUINEA,2012.0,Western Africa,Africa,Sub-Saharan Africa,West and Central Africa,AFRO,Low Income,Sub-Saharan Africa,3682.0,4.1,9.9,3.8,31.3,18.7,-1,"l'Institut National de la Statistique (INS), Ministère du Plan, Ministère de la Santé et de l'Hygiène Publique, ICF International et UNICEF.","Enquête démographique et de santé (EDS-IV) et enquête par grappe à indicateurs multiples (MICS). L'EDS-MICS 2012. Conakry, Guinée et Calverton, MD: INS et ICF, 2013 (and additional analysis).",1866370.0000000002
GNB,GUINEA-BISSAU,2014.0,Western Africa,Africa,Sub-Saharan Africa,West and Central Africa,AFRO,Low Income,Sub-Saharan Africa,-1.0,1.4,6.0,2.3,27.6,17.0,(pending reanalysis),"Ministério da Economia e Finanças, Direcçao Geral do Plano Instituto Nacional de Estatística (INE).","Inquérito aos Indicadores Múltiplos (MICS) 2014, Principais Resultados. Bissau, Guiné-Bissau: Ministério da Economia e Finanças, Direcçao Geral do Plano Instituto Nacional de Estatística (INE), 2015.",280446.0
GUY,GUYANA,2014.0,South America,Latin America and the Caribbean,Latin America and the Caribbean,Latin America and Caribbean,AMRO,Upper Middle Income,Latin America & Caribbean,-1.0,1.7,6.4,5.3,12.0,8.5,-1,"Bureau of Statistics, Ministry of Health and UNICEF.","Guyana Multiple Indicator Cluster Survey 2014, Key findings. Georgetown, Guyana: Bureau of Statistics, Ministry of Health and UNICEF, 2015.",74768.0
HTI,HAITI,2012.0,Caribbean,Latin America and the Caribbean,Latin America and the Caribbean,Latin America and Caribbean,AMRO,Low Income,Latin America & Caribbean,4581.0,1.3,5.2,3.6,21.9,11.6,-1,"Cayemittes M, Busangu MF, Bizimana J, Barrère B, Sévère B, Cayemittes V, Emmanuel C.","Enquête mortalité, morbidité et utilisation des services, Haïti, 2012. Demographic and Health Surveys. Calverton, Maryland, USA : MSPP, IHE et ICF International, 2012 (and additional analysis).",1253345.0
HND,HONDURAS,2012.0,Central America,Latin America and the Caribbean,Latin America and the Caribbean,Latin America and Caribbean,AMRO,Lower Middle Income,Latin America & Caribbean,10219.0,0.3,1.4,5.2,22.7,7.1,-1,"Secretaría de Salud [Honduras], Instituto Nacional de Estadística (INE) e ICF International.","Encuesta nacional de salud y demografía 2011-2012. Demographic and Health Surveys. Tegucigalpa, Honduras: SS, INE e ICF International, 2013 (and additional analysis).",976935.0
IND,INDIA,2015.0,Southern Asia,Asia,Central Asia and Southern Asia,South Asia,SEARO,Lower Middle Income,South Asia,-1.0,7.5,21.0,-1.0,38.4,35.7,(pending reanalysis),"Ministry of Health and Family Welfare, Government of India",National Family Health Survey - 4 (NFHS-4) 2015-16 India Fact Sheet,121415293.0
IDN,INDONESIA,2013.0,South-Eastern Asia,Asia,Eastern Asia and South-eastern Asia,East Asia and Pacific,SEARO,Lower Middle Income,East Asia & Pacific,75232.0,6.7,13.5,11.5,36.4,19.9,-1,Ministry of Health and National Institute of Health Research and Development.,"National report on basic health research, RISKESDAS, 2013. Jakarta, Indonesia, 2014 (and additional analysis).",24249408.0
IRN,IRAN (ISLAMIC REPUBLIC OF),2011.0,Southern Asia,Asia,Central Asia and Southern Asia,Middle East and North Africa,EMRO,Upper Middle Income,Middle East & North Africa,-1.0,1.4,4.0,-1.0,6.8,4.1,(pending reanalysis),National Institite of Health Research (NIHR).,Iran“s Multiple Indicator Demographic and Health Survey - 2010.,6630397.0
IRQ,IRAQ,2011.0,Western Asia,Asia,Western Asia and Northern Africa,Middle East and North Africa,EMRO,Upper Middle Income,Middle East & North Africa,35635.0,3.6,7.4,11.8,22.6,8.5,(pending reanalysis),The Central Statistics Organization and the Kurdistan Regional Statistics Office.,"Iraq multiple indicator cluster survey (MICS) 2011: Final report. Baghdad, Iraq: The Central Statistics Organization and the Kurdistan Regional Statistics Office, 2012 (https://dl.dropboxusercontent.com/u/21257622/MICS4_Iraq_FinalReport_2011_Eng.pdf)",5018159.0
JAM,JAMAICA,2014.0,Caribbean,Latin America and the Caribbean,Latin America and the Caribbean,Latin America and Caribbean,AMRO,Upper Middle Income,Latin America & Caribbean,-1.0,-1.0,3.6,8.5,6.2,2.3,(pending reanalysis),"Statistical Institute of Jamaica, Planning Institute of Jamaica.","Jamaica survey of living conditions data set 2014. The Planning Institute and the Statistical Institute of Jamaica, 2017",208844.99999999997
JPN,JAPAN,2010.0,Eastern Asia,Asia,Eastern Asia and South-eastern Asia,East Asia and Pacific,WPRO,High Income,East Asia & Pacific,6643.0,0.2,2.3,1.5,7.1,3.4,-1,"Kato N, Takimoto H, Yokoyama T, Yokoya T, Tanaka T, Tada H.","Updated Japanese growth references for infants and preschool children, based on historical, ethnic and environmental characteristics. Acta Paediatrica 2014;103(6):e251-e261 (and additional analysis).",5554594.999999999
JOR,JORDAN,2012.0,Western Asia,Asia,Western Asia and Northern Africa,Middle East and North Africa,EMRO,Lower Middle Income,Middle East & North Africa,5903.0,0.7,2.4,4.7,7.8,3.0,-1,Department of Statistics [Jordan] and ICF International.,"Jordan population and family health survey 2012. Demographic and Health Surveys. Calverton, Maryland, USA: Department of Statistics and ICF International, 2013 (and additional analysis).",1084774.0
KAZ,KAZAKHSTAN,2015.0,Central Asia,Asia,Central Asia and Southern Asia,Eastern Europe and Central Asia,EURO,Upper Middle Income,Europe & Central Asia,-1.0,1.1,3.1,9.3,8.0,2.0,(pending reanalysis),The Statistics Committee of the Ministry of National Economy of the Republic of Kazakhstan.,"2015 Kazakhstan Multiple Indicator Cluster Survey, Key Findings. Astana, Kazakhstan: The Statistics Committee of the Ministry of National Economy of the Republic of Kazakhstan, 2016.",1991066.0
KEN,KENYA,2014.0,Eastern Africa,Africa,Sub-Saharan Africa,Eastern and Southern Africa,AFRO,Lower Middle Income,Sub-Saharan Africa,18986.0,0.9,4.0,4.1,26.0,11.0,(pending reanalysis),"Kenya National Bureau of Statistics (KNBS), Ministry of Health, National AIDS Control Council, (NACC) Kenya Medical Research Institute (KEMRI) and the","National Council for Population and Development (NCPD). Kenya demographic and health Survey (2014 KDHS): Key indicators. Demongraphic and Health Surveys. Nairobi, Kenya: KNBS, Ministry of Health, NACC, KEMRI, NCPD, 2015 (pending reanalysis).",6950404.0
KIR,KIRIBATI,2009.0,Micronesia,Oceania,Oceania excluding Australia and New Zealand,East Asia and Pacific,WPRO,Lower Middle Income,East Asia & Pacific,1045.0,-1.0,-1.0,-1.0,-1.0,14.9,-1,Kiribati National Statistics Office (KNSO) and Secretariat of the Pacific Community (SPC).,"Kiribati demographic and health survey. Noumea, Kiribati: SPC, 2009.",13196.0
KWT,KUWAIT,2015.0,Western Asia,Asia,Western Asia and Northern Africa,Middle East and North Africa,EMRO,High Income,Middle East & North Africa,3571.0,-1.0,3.1,6.0,4.9,-1.0,overweight using BMI-for-age z-scores,"Food and Nutrition Administration, Ministry of Health",The Kuwait Nutrition Surveillance System [KNSS] 2015 Annual Report. Kuwait City. Food & Nutrition Administration,310784.0
KGZ,KYRGYZSTAN,2014.0,Central Asia,Asia,Central Asia and Southern Asia,Eastern Europe and Central Asia,EURO,Lower Middle Income,Europe & Central Asia,-1.0,0.8,2.8,7.0,12.9,2.8,-1,National Statistical Committee of the Kyrgyz Republic and UNICEF.,"Kyrgyzstan multiple indicator cluster survey 2014: Key findings (MICS). Bishkek, Kyrgyzstan: National Statistical Committee of the Kyrgyz Republic and UNICEF, 2014.",732295.0
LAO,LAO PEOPLE'S DEMOCRATIC REP. (THE),2011.0,South-Eastern Asia,Asia,Eastern Asia and South-eastern Asia,East Asia and Pacific,WPRO,Lower Middle Income,East Asia & Pacific,10826.0,1.9,6.4,2.0,43.8,26.5,-1,Ministry of Health (MoH) and Lao Statistics Bureau (LSB).,"Lao social indicator survey LSIS (MICS/DHS). Vientiane, Lao PDR: MoH and LSB, 2012 (and additional analysis).",789463.0
LBN,LEBANON,2004.0,Western Asia,Asia,Western Asia and Northern Africa,Middle East and North Africa,EMRO,Upper Middle Income,Middle East & North Africa,1128.0,2.9,6.6,16.7,16.5,4.2,-1,The Arab League and the Repubic of Lebanon.,"Lebanon family health survey 2004: Principal report. Tutelian M, Khayyat M , Monem AA, eds. The Pan Arab Project for Family Health, 2006 (additional analysis conducted by PAPFAM).",328825.0
LSO,LESOTHO,2014.0,Southern Africa,Africa,Sub-Saharan Africa,Eastern and Southern Africa,AFRO,Lower Middle Income,Sub-Saharan Africa,1869.0,0.6,2.8,7.4,33.2,10.3,(pending reanalysis),Ministry of Health and ICF International.,"Lesotho demographic and health survey (2014 LDHS): Key indicators. Demographic and Health Surveys. Maseru, Lesotho: Ministry of Health and ICF International, 2015 (pending reanalysis).",276042.0
LBR,LIBERIA,2013.0,Western Africa,Africa,Sub-Saharan Africa,West and Central Africa,AFRO,Low Income,Sub-Saharan Africa,3620.0,2.0,5.6,3.2,32.1,15.3,-1,"Liberia Institute of Statistics and Geo-Information Services, Ministry of Health and Social Welfare, National AIDS Control Program, ICF International.","Demographic and health survey 2013. Demographic and Health Surveys. Monrovia, Liberia: Liberia Institute of Statistics and Geo-Information Services (LISGIS) and ICF International, 2014 (and additional analysis).",686582.0
LBY,LIBYA,2007.0,Northern Africa,Africa,Western Asia and Northern Africa,Middle East and North Africa,EMRO,Upper Middle Income,Middle East & North Africa,10723.0,2.9,6.5,22.4,21.0,5.6,-1,National Center for Infectious and Chronic Disease Control [Jamahiriya] and Pan-Arab Project for Family Health.,"National Libyan family health survey. PAPFAM surveys. Cairo: The league of Arab States, 2008 (and additional analysis conducted by PAPFAM).",592638.0
MDG,MADAGASCAR,2009.0,Eastern Africa,Africa,Sub-Saharan Africa,Eastern and Southern Africa,AFRO,Low Income,Sub-Saharan Africa,5845.0,-1.0,-1.0,-1.0,49.2,-1.0,Weight data not validated,Institut National de la Statistique (INSTAT) et ICF Macro.,"Enquête démographique et de santé de Madagascar 2008-2009. Demographic and Health Surveys. Antananarivo, Madagascar: INSTAT et ICF Macro, 2010 (and additional analysis).",3352201.0
MWI,MALAWI,2015.0,Eastern Africa,Africa,Sub-Saharan Africa,Eastern and Southern Africa,AFRO,Low Income,Sub-Saharan Africa,5786.0,0.6,2.7,4.5,37.1,11.7,(pending reanalysis),"National Statistical Office (NSO), Malawi; ICF. 2017","Malawi Demographic and Health Survey 2015-16. Zomba, Malawi, and Rockville, Maryland, USA. NSO and ICF",2887867.0
MYS,MALAYSIA,2015.0,South-Eastern Asia,Asia,Eastern Asia and South-eastern Asia,East Asia and Pacific,WPRO,Upper Middle Income,East Asia & Pacific,2486.0,-1.0,8.0,7.1,17.7,12.4,-1,Institute for Public Health (IPH),"National Health and Morbidity Survey 2015 (NHMS 2015). Vol. II: Non-Communicable Diseases, Risk Factors & Other Health Problems. Kuala Lumpur, Malaysia: IPH, 2015.",2569345.0000000005
MDV,MALDIVES,2009.0,Southern Asia,Asia,Central Asia and Southern Asia,South Asia,SEARO,Upper Middle Income,South Asia,2615.0,2.6,10.2,6.5,20.3,17.8,-1,Ministry of Health and Family (MOHF) [Maldives] and ICF Macro.,"Maldives demographic and health survey 2009. Demographic and Health Surveys. Calverton, Maryland: MOHF and ICF Macro, 2010 (and additional analysis).",31933.0
MLI,MALI,2015.0,Western Africa,Africa,Sub-Saharan Africa,West and Central Africa,AFRO,Low Income,Sub-Saharan Africa,14942.0,3.4,13.5,1.9,30.4,25.0,(pending reanalysis),Institut National de la Statistique,"Enquête par Grappes à Indicateurs Multiples au Mali (MICS-Mali), 2015, Résultats clés. Bamako, Mali, INSTAT",3274146.0
MRT,MAURITANIA,2015.0,Western Africa,Africa,Sub-Saharan Africa,West and Central Africa,AFRO,Lower Middle Income,Sub-Saharan Africa,-1.0,3.5,14.8,1.3,27.9,24.9,-1,"L’Office National de la Statistique, Nouakchott, Mauritanie","Enquête par Grappes à Indicateurs Multiples (MICS) 2015 - Rapport de résultats clés, Septembre 2016",640166.9999999999
MUS,MAURITIUS,1995.0,Eastern Africa,Africa,Sub-Saharan Africa,Eastern and Southern Africa,AFRO,Upper Middle Income,Sub-Saharan Africa,1537.0,-1.0,15.7,6.5,13.6,13.0,Converted estimates,Ministry of Health.,"A survey on nutrition in Mauritius and Rodrigues, 1995 (final report). Port Louis, Mauritius, 1996 (and additional analysis).",111011.0
MEX,MEXICO,2015.0,Central America,Latin America and the Caribbean,Latin America and the Caribbean,Latin America and Caribbean,AMRO,Upper Middle Income,Latin America & Caribbean,7800.0,0.4,1.0,5.2,12.4,3.9,-1,Instituto Nacional de Salud Pública; UNICEF México,"Encuesta Nacional de Niños, Niñas y Mujeres 2015 - Encuesta de Indicadores Múltiples por Conglomerados 2015, Informe Final. Ciudad de México, México: Instituto Nacional de Salud Pública y UNICEF México (and additional analysis)",11533065.0
MNG,MONGOLIA,2013.0,Eastern Asia,Asia,Eastern Asia and South-eastern Asia,East Asia and Pacific,WPRO,Lower Middle Income,East Asia & Pacific,-1.0,0.4,1.0,10.5,10.8,1.6,-1,National Statistical Office.,"Social indicator sample survey 2013 (MICS). Key findings.Ulaanbaatar, Mongolia: National Statistical Office, 2014.",337111.0
MNE,MONTENEGRO,2013.0,Southern Europe,Europe,Northern America and Europe,Eastern Europe and Central Asia,EURO,Upper Middle Income,Europe & Central Asia,1392.0,1.2,2.8,22.3,9.4,1.0,-1,Statistical Office of Montenegro (MONSTAT) and UNICEF.,"2013 Montenegro multiple indicator cluster survey and 2013 Montenegro Roma settlements multiple indicator cluster survey, (MICS): Key findings. Podgorica, Montenegro: MONSTAT and UNICEF, 2014.",38513.99999999999
MAR,MOROCCO,2011.0,Northern Africa,Africa,Western Asia and Northern Africa,Middle East and North Africa,EMRO,Lower Middle Income,Middle East & North Africa,6927.0,1.0,2.3,10.7,14.9,3.1,-1,"Ministère de la Santé, Direction de la Planification et des Ressources Financières, Division de la Planification et des Etudes, Service des Etudes et","Enquête nationale sur la population et la santé familiale (ENPSF) 2010-2011. Rapport préliminaire. Rabat, Royaume de Maroc: Ministère de la Santé, 2012 (and additional analysis).",3212909.0
MOZ,MOZAMBIQUE,2011.0,Eastern Africa,Africa,Sub-Saharan Africa,Eastern and Southern Africa,AFRO,Low Income,Sub-Saharan Africa,10791.0,2.3,6.1,7.9,43.1,15.6,-1,"Ministerio da Saude (MISAU), Instituto Nacional de Estatística (INE) e ICF International (ICFI).","Moçambique inquérito demográfico e de Saúde 2011. Demographic and Health Surveys. Calverton, Maryland, USA: MISAU, INE e ICFI, 2013 (and additional analysis).",4443616.0
MMR,MYANMAR,2016.0,South-Eastern Asia,Asia,Eastern Asia and South-eastern Asia,East Asia and Pacific,SEARO,Lower Middle Income,East Asia & Pacific,4100.0,1.3,7.0,1.3,29.2,18.9,(pending reanalysis),"Ministry of Health and Sports (MOHS), Nay Pyi Taw, Myanmar; ICF International, Rockville, Maryland, USA",Myanmar Demographic and Health Survey 2015-16: Key Indicators Report. 2016,4537809.999999999
NAM,NAMIBIA,2013.0,Southern Africa,Africa,Sub-Saharan Africa,Eastern and Southern Africa,AFRO,Upper Middle Income,Sub-Saharan Africa,2630.0,2.8,7.1,4.1,23.1,13.2,-1,The Nambia Ministry of Health and Social Services (MoHSS) and ICF International.,"The Namibia demographic and health survey 2013. Demographic and Health Surveys. Windhoek, Namibia, and Rockville, Maryland, USA: MoHSS and ICF International, 2014 (and additional analysis).",317960.99999999994
NRU,NAURU,2007.0,Micronesia,Oceania,Oceania excluding Australia and New Zealand,East Asia and Pacific,WPRO,Upper Middle Income,East Asia & Pacific,267.0,0.2,1.0,2.8,24.0,4.8,-1,"Nauru Bureau of Statistics (NBS), Secretariat of the Pacific Community (SPC) and Macro International Inc.","Nauru 2007 demographic and health survey. Demographic and Health Surveys. Auckland, New Zealand: NBS, SPC and Macro, 2009 ( http://www.spc.int/prism/country/nr/stats/Publication/DHS/dhs.htm, accessed 10/05/11).",1000.0
NPL,NEPAL,2016.0,Southern Asia,Asia,Central Asia and Southern Asia,South Asia,SEARO,Low Income,South Asia,-1.0,1.8,9.7,1.2,35.8,27.0,(pending reanalysis),"Ministry of Health, Nepal; New ERA; and ICF","Nepal Demographic and Health Survey 2016: Key Indicators. Kathmandu, Nepal: Ministry of Health, Nepal",2756281.0000000005
NIC,NICARAGUA,2006.0,Central America,Latin America and the Caribbean,Latin America and the Caribbean,Latin America and Caribbean,AMRO,Lower Middle Income,Latin America & Caribbean,6591.0,0.5,1.5,6.2,23.0,5.7,-1,Instituto Nacional de Información de Desarrollo (INIDE) y los Centros para el Control y Prevención de Enfermedades (CDC).,"Encuesta nicaragüense de demografía y salud ENDESA 2006/07, informe final. Managua, Nicaragua: INIDE y CDC, 2008 (and additional analysis).",632424.0
NER,NIGER (THE),2016.0,Western Africa,Africa,Sub-Saharan Africa,West and Central Africa,AFRO,Low Income,Sub-Saharan Africa,7790.0,1.9,10.3,-1.0,42.2,31.7,(pending reanalysis),INS-Niger; WFP; UNICEF,Evaluation Nationale De La Situation Nutritionnelle par La Methodologie SMART Au Niger,4217879.000000001
NGA,NIGERIA,2015.0,Western Africa,Africa,Sub-Saharan Africa,West and Central Africa,AFRO,Lower Middle Income,Sub-Saharan Africa,-1.0,1.8,7.2,1.6,32.9,19.4,(pending reanalysis),"National Bureau of Statistics (NBS), Abuja Nigeria","National Nutrition and Health Surveys (NNHS) - Report on The Nutrition and Health Situation of Nigeria, November 2015",31109161.0
OMN,OMAN,2014.0,Western Asia,Asia,Western Asia and Northern Africa,Middle East and North Africa,EMRO,High Income,Middle East & North Africa,-1.0,2.4,7.5,4.4,14.1,9.7,-1,National Centre for Statistics and Information.,"Multiple Indicator Cluster Survey 2014, Key Findings. Muscat, Oman, 2016. ",369953.00000000006
PAK,PAKISTAN,2012.0,Southern Asia,Asia,Central Asia and Southern Asia,South Asia,EMRO,Lower Middle Income,South Asia,3815.0,3.3,10.5,4.8,45.0,31.6,-1,National Institute of Population Studies (NIPS) [Pakistan] and ICF International.,"Pakistan demographic and health survey 2012-13. Demographic and Health Surveys. Islamabad, Pakistan, and Calverton, Maryland, USA: NIPS and ICF International, 2013 (and additional analysis).",23818566.0
PAN,PANAMA,2008.0,Central America,Latin America and the Caribbean,Latin America and the Caribbean,Latin America and Caribbean,AMRO,Upper Middle Income,Latin America & Caribbean,2515.0,0.3,1.2,-1.0,19.1,3.9,-1,"Ministerio de Salud, Fondo de las Naciones Unidas para la Infancia y Contraloria General de la Republica.","Estado nutricional de niños menores de cinco años: Encuesta de niveles de vida, 2008. Panama City, Republica de Panama, 2009.",360627.00000000006
PNG,PAPUA NEW GUINEA,2010.0,Melanesia,Oceania,Oceania excluding Australia and New Zealand,East Asia and Pacific,WPRO,Lower Middle Income,East Asia & Pacific,942157.0,6.5,14.3,13.8,49.5,27.9,-1,National Statistical Office.,"2009-2010 Papua New Guinea household income and expenditure survey: Summary tables. Port Moresby: National Statistical Office, 2013 (and additional analysis).",983165.9999999999
PRY,PARAGUAY,2012.0,South America,Latin America and the Caribbean,Latin America and the Caribbean,Latin America and Caribbean,AMRO,Upper Middle Income,Latin America & Caribbean,558648.0,0.4,2.6,11.7,10.9,2.6,-1,UNICEF,"Análisis de la situación nutricional de los niños menores de cinco años en Paraguay a partir de la encuesta de ingresos y gastos y de condiciones de vida 2011-2012. Asunción, Paraguay, 2014 (and additional analysis).",683937.9999999999
PER,PERU,2015.0,South America,Latin America and the Caribbean,Latin America and the Caribbean,Latin America and Caribbean,AMRO,Upper Middle Income,Latin America & Caribbean,11715.0,0.3,0.8,-1.0,14.4,3.4,(pending reanalysis),Instituto Nacional de Estadística e Informática,Encuesta Demográfica y de Salud Familiar-ENDES 2015 Nacional y Departamental,3020032.0
PHL,PHILIPPINES (THE),2015.0,South-Eastern Asia,Asia,Eastern Asia and South-eastern Asia,East Asia and Pacific,WPRO,Lower Middle Income,East Asia & Pacific,-1.0,-1.0,7.1,3.9,33.4,21.5,(pending reanalysis),Food and Nutrition Research Institute - Department of Science and Technology (FNRI-DOST).,Philippines 2015 National Nutrition Survey - Updating Survey Results,11434444.000000002
QAT,QATAR,1995.0,Western Asia,Asia,Western Asia and Northern Africa,Middle East and North Africa,EMRO,High Income,Middle East & North Africa,1180.0,-1.0,2.1,10.4,11.6,4.8,Converted estimates,Amine EK.,"Nutritional assessment in Qatar. Assignment report EM/NUT169/E/R/01.96/27. Alexandria: World Health Organization Regional Office, 1996 (and additional analysis).",49998.00000000001
KOR,REPUBLIC OF KOREA (THE),2010.0,Eastern Asia,Asia,Eastern Asia and South-eastern Asia,East Asia and Pacific,WPRO,High Income,East Asia & Pacific,1783845.0,0.1,1.2,7.3,2.5,0.7, Age-adjusted;,"Sanghui Kweon, Yuna Kim, Myoung-jin Jang, Yoonjung Kim, Kirang Kim, Sunhye Choi, et al.",Data Resource Profile: The Korea National Health and Nutrition Examination Survey (KNHANES). International Journal of Epidemiology 2014;43:69-77 (and additional analysis).,2288773.0
MDA,REPUBLIC OF MOLDOVA (THE),2012.0,Eastern Europe,Europe,Northern America and Europe,Eastern Europe and Central Asia,EURO,Lower Middle Income,Europe & Central Asia,1724.0,0.5,1.9,4.9,6.4,2.2,-1,"National Centre of Public Health of the Ministry of Health of the Republic of Moldova, United Nations Children's Fund (UNICEF).","2012 Republic of Moldova multiple indicator cluster survey. Final report (MICS4). Chisinau, Republic of Moldova, 2014.",225609.0
ROU,ROMANIA,2002.0,Eastern Europe,Europe,Northern America and Europe,Eastern Europe and Central Asia,EURO,Upper Middle Income,Europe & Central Asia,15533.0,0.7,3.5,8.3,12.8,3.5,-1,"""Alfred Rusescu"" Institute for Mother and Child Care.","National nutritional surveillance programme, 1993-2002. Bukarest, Romania, 2003 (and additional analysis).",1165170.0
RWA,RWANDA,2015.0,Eastern Africa,Africa,Sub-Saharan Africa,Eastern and Southern Africa,AFRO,Low Income,Sub-Saharan Africa,3813.0,0.6,2.2,7.7,37.9,9.3,(pending reanalysis),National Institute of Statistics of Rwanda,"Rwanda Demographic and Health Survey 2014/2015: Key findings, June 2015 (http://statistics.gov.rw/publications/demographic-and-health-survey-dhs-20142015-key-findings ).",1734543.0
RWA,RWANDA,2015.0,Eastern Africa,Africa,Sub-Saharan Africa,Eastern and Southern Africa,AFRO,Low Income,Sub-Saharan Africa,4058.0,0.7,1.7,-1.0,36.7,8.1,(pending reanalysis),MINAGI; NISR; WFP,Rwanda 2015 Comprehensive Food Security and Vulnerabilty Analysis,1734543.0
LCA,SAINT LUCIA,2012.0,Caribbean,Latin America and the Caribbean,Latin America and the Caribbean,Latin America and Caribbean,AMRO,Upper Middle Income,Latin America & Caribbean,281.0,0.7,3.7,6.3,2.5,2.8,-1,"Ministry of Social Transformation, Local Government and Community Empowerment and the Central Statistics Office (CSO).","Saint Lucia multiple indicator cluster survey 2012: Final report. MICS. Castries, Saint Lucia, 2014.",10895.0
WSM,SAMOA,2014.0,Polynesia,Oceania,Oceania excluding Australia and New Zealand,East Asia and Pacific,WPRO,Upper Middle Income,East Asia & Pacific,2859.0,1.1,3.7,5.4,4.7,2.7,(pending reanalysis),"Census-Surveys and Demography Division - Apia, Samoa: Samoa Bureau of Statistics, Government of Samoa",Samoa Demographic and Health Survey 2014,24718.000000000004
STP,SAO TOME AND PRINCIPE,2014.0,Middle Africa,Africa,Sub-Saharan Africa,West and Central Africa,AFRO,Lower Middle Income,Sub-Saharan Africa,-1.0,0.8,4.0,2.4,17.2,8.8,(pending reanalysis),National Institute of Statistics.,"Sao Tome and Principe Multiple Indicator Cluster Survey 2014, Final Report. São Tomé, Sao Tome and Principe, 2016.",30580.0
SAU,SAUDI ARABIA,2005.0,Western Asia,Asia,Western Asia and Northern Africa,Middle East and North Africa,EMRO,High Income,Middle East & North Africa,15601.0,4.5,11.8,6.1,9.3,5.3,-1,"El-Mouzan MI, Al-Herbish AS, Al-Salloum AA, Qurachi MM, Al-Omar AA.",Growth charts for Saudi children and adolescents. Saudi Medical Journal 2007;28:1555-68 (and additional analysis).,2745367.0
SEN,SENEGAL,2016.0,Western Africa,Africa,Sub-Saharan Africa,West and Central Africa,AFRO,Low Income,Sub-Saharan Africa,5722.0,1.2,7.2,0.9,17.0,13.5,(pending reanalysis),Agence Nationale de la Statistique et de la Démographie (ANSD); ICF,Sénégal : Enquête Démographique et de Santé Continue (EDS-Continue) 2016. August 2017,2544312.9999999995
SRB,SERBIA,2014.0,Southern Europe,Europe,Northern America and Europe,Eastern Europe and Central Asia,EURO,Upper Middle Income,Europe & Central Asia,-1.0,1.1,3.9,13.9,6.0,1.8,(pending reanalysis),Statistical Office of the Republic of Serbia and UNICEF.,"2014 Serbia multiple indicator cluster survey and 2014 Serbia Roma Settlements multiple indicator cluster survey (MICS). Key findings. Belgrade, Serbia: Statistical Office of the Republic of Serbia and UNICEF, 2014.",469627.0
SYC,SEYCHELLES,2012.0,Eastern Africa,Africa,Sub-Saharan Africa,Eastern and Southern Africa,AFRO,High Income,Sub-Saharan Africa,5283.0,1.2,4.3,10.2,7.9,3.6,Health centres (80% coverage),Louis-Marie V.,"The nutritional status and associated risk factors of 0-5 year old children in Seychelles. 7706 Med Health Project (thesis). Queensland, Australia: Griffith University, 2014.",7697.000000000001
SLE,SIERRA LEONE,2013.0,Western Africa,Africa,Sub-Saharan Africa,West and Central Africa,AFRO,Low Income,Sub-Saharan Africa,5771.0,4.3,9.4,8.9,37.9,18.1,-1,Statistics Sierra Leone (SSL) and ICF International.,"Sierra Leone demographic and health survey 2013. Demographic and Health Surveys. Freetown, Sierra Leone and Rockville, Maryland, USA: SSL and ICF International, 2014 (and additional analysis).",1123225.0
SGP,SINGAPORE,2000.0,South-Eastern Asia,Asia,Eastern Asia and South-eastern Asia,East Asia and Pacific,WPRO,High Income,East Asia & Pacific,16220.0,0.5,3.6,2.6,4.4,3.3,-1,Singapore National Healthcare Group,"National healthcare group polyclinics' anthropometric growth charts for Singapore preschool children 2000. Singapore Health Booklet, revised edition April 2003 (and additional analysis).",255543.0
SLB,SOLOMON ISLANDS,2015.0,Melanesia,Oceania,Oceania excluding Australia and New Zealand,East Asia and Pacific,WPRO,Lower Middle Income,East Asia & Pacific,3483.0,3.1,7.9,3.9,31.6,15.5,(pending reanalysis),Solomon Islands National Statistics Office,"Solomon Islands Ministry of Health and Medical Services and the Pacific Community. 2017. Solomon Islands Demographic and Health Survey, 2015.",82681.00000000001
SOM,SOMALIA,2009.0,Eastern Africa,Africa,Sub-Saharan Africa,Eastern and Southern Africa,EMRO,Low Income,Sub-Saharan Africa,3245.0,5.2,15.0,3.0,25.3,23.0,-1,"Food Security and Nutrition Analysis Unit, Food and Agricultural Organisation (FSNAU) and Centre for International Health and Development, Institute of Child Health (CIHD)",National Micronutrient and Anthropometric Survey Somalia 2009 (and additional analysis).,2221771.0
ZAF,SOUTH AFRICA,2016.0,Southern Africa,Africa,Sub-Saharan Africa,Eastern and Southern Africa,AFRO,Upper Middle Income,Sub-Saharan Africa,1416.0,0.6,2.5,13.3,27.4,5.9,(pending reanalysis),National Department of Health; Statistics South Africa; South African Medical Research Council; ICF International,South Africa Demographic and Health Survey 2016 Key Indicators Report,5704840.0
SSD,SOUTH SUDAN,2010.0,Eastern Africa,Africa,Sub-Saharan Africa,Eastern and Southern Africa,EURO,Low Income,Sub-Saharan Africa,6660.0,9.9,22.7,6.0,31.1,27.6,(pending reanalysis),Ministry of Health and National Bureau of Statistics.,"South Sudan Household Survey 2010. Final Report (MICS4). Juba, South Sudan, 2013.",1657579.9999999998
LKA,SRI LANKA,2016.0,Southern Asia,Asia,Central Asia and Southern Asia,South Asia,SEARO,Lower Middle Income,South Asia,7908.0,3.0,15.1,2.0,17.3,20.5,(pending reanalysis), Department of Census and Statistics (DCS), Sri Lanka 2016 Demographic and Health Survey (SLDHS),1601546.0
SDN,SUDAN (THE),2014.0,Northern Africa,Africa,Western Asia and Northern Africa,Eastern and Southern Africa,EMRO,Lower Middle Income,Sub-Saharan Africa,-1.0,4.5,16.3,3.0,38.2,33.0,-1,"Central Bureau of Statistics (CBS), UNICEF Sudan.","Multiple Indicator Cluster Survey 2014, Key Findings. Khartoum, Sudan: UNICEF and Central Bureau of Statistics (CBS), 2014.",5783861.999999999
SUR,SURINAME,2010.0,South America,Latin America and the Caribbean,Latin America and the Caribbean,Latin America and Caribbean,AMRO,Upper Middle Income,Latin America & Caribbean,2879.0,0.8,5.0,4.0,8.8,5.8,-1,"Ministry of Social Affairs and Housing, and General Bureau of Statistics.","Suriname multiple indicator cluster survey 2010, Final Report (MICS). Paramaribo, Suriname, 2012 (and additional analysis).",50043.0
SWZ,SWAZILAND,2014.0,Southern Africa,Africa,Sub-Saharan Africa,Eastern and Southern Africa,AFRO,Lower Middle Income,Sub-Saharan Africa,-1.0,0.4,2.0,9.0,25.5,5.8,-1,Central Statistical Office and UNICEF.,"Swaziland multiple indicator cluster survey 2010 (MICS 5): Key findings. Mbabane, Swaziland, Central Statistical Office and UNICEF, 2015.",176879.0
SYR,SYRIAN ARAB REPUBLIC (THE),2009.0,Western Asia,Asia,Western Asia and Northern Africa,Middle East and North Africa,EMRO,Lower Middle Income,Middle East & North Africa,14391.0,5.5,11.5,17.9,27.5,10.1,-1,League of Arab States and Syrian Arab Republic.,"Family health survey of the Arab Republic of Syria 2009: Principal report (PAPFAM). Cairo: The League of Arab States, 2011 (and additional analysis).",2706049.0
TJK,TAJIKISTAN,2012.0,Central Asia,Asia,Central Asia and Southern Asia,Eastern Europe and Central Asia,EURO,Lower Middle Income,Europe & Central Asia,5341.0,4.1,9.9,6.6,26.8,13.3,-1,"Statistical Agency under the President of the Republic of Tajikistan (SA), Ministry of Health [Tajikistan], and ICF International.","Tajikistan demographic and health survey 2012. Demographic and Health Surveys. Dushanbe, Tajikistan, and Calverton, Maryland, USA: SA, MOH, and ICF International, 2013 (and additional analysis).",1099272.0
THA,THAILAND,2016.0,South-Eastern Asia,Asia,Eastern Asia and South-eastern Asia,East Asia and Pacific,SEARO,Upper Middle Income,East Asia & Pacific,11189.0,1.4,5.4,8.2,10.5,6.7,(pending reanalysis),National Statistical Office and United Nations Children’s Fund,"Thailand Multiple Indicator Cluster Survey 2015- 2016, Final Report, NSO and UNICEF, Bangkok, 2016.",3767698.0
MKD,THE FORMER YUGOSLAV REPUBLIC OF MACEDONIA,2011.0,Southern Europe,Europe,Northern America and Europe,Eastern Europe and Central Asia,EURO,Upper Middle Income,Europe & Central Asia,1332.0,0.2,1.8,12.4,4.9,1.3,(pending reanalysis),"Ministry of Health, Ministry of Education and Science, Ministry of Labour and Social Policy.","Multiple indicator cluster survey 2011 (MICS). Skopje, the former Yugoslav Republic of Macedonia: Ministry of Health, Ministry of Education and Science,  Ministry of Labour and Social Policy, 2012.",110937.0
TLS,TIMOR-LESTE,2013.0,South-Eastern Asia,Asia,Eastern Asia and South-eastern Asia,East Asia and Pacific,SEARO,Lower Middle Income,East Asia & Pacific,9447.0,1.9,11.0,1.5,50.2,37.7,(pending reanalysis),Ministry of Health Democratic Republic of Timor-Leste.,"Timor-Leste food and nutrition survey, Final report 2015. Dili, Timor Leste: Ministry of Health, 2015.                                                                                                                                                    ",200728.0
TGO,TOGO,2014.0,Western Africa,Africa,Sub-Saharan Africa,West and Central Africa,AFRO,Low Income,Sub-Saharan Africa,3322.0,1.5,6.7,2.0,27.5,16.2,-1,"Ministère de la Planification, du Développement et de l'Aménagement du Territoire (MPDAT), Ministère de la Santé (MS) et ICF International.","Enquête démographique et de santé au Togo 2013-2014. Demographic and Health Surveys. Rockville, Maryland, USA : MPDAT, MS et ICF International, 2015.",1147214.0
TON,TONGA,2012.0,Polynesia,Oceania,Oceania excluding Australia and New Zealand,East Asia and Pacific,WPRO,Upper Middle Income,East Asia & Pacific,1394.0,2.1,5.2,17.3,8.1,1.9,-1,"Tonga Department of Statistics and Tonga Ministry of Health, SPC and UNFPA.","Tonga demographic and health survey 2012. Noumea, New Caledonia: Secretariat of the Pacific Community, 2013.",13518.0
TTO,TRINIDAD AND TOBAGO,2000.0,Caribbean,Latin America and the Caribbean,Latin America and the Caribbean,Latin America and Caribbean,AMRO,High Income,Latin America & Caribbean,780.0,0.9,5.2,4.9,5.3,4.4,-1,UNICEF,"Multiple indicator cluster survey Trinidad and Tobago: Full report. UNICEF website http://www.childinfo.org/MICS2/newreports/trinidad/trinidad.htm, accessed 17/11/2003 (and additional analysis).",89616.0
TUN,TUNISIA,2012.0,Northern Africa,Africa,Western Asia and Northern Africa,Middle East and North Africa,EMRO,Lower Middle Income,Middle East & North Africa,2677.0,1.7,2.8,14.3,10.1,2.3,(pending reanalysis),"Ministère du Développement et de la Coopération Internationale (MDCI), Institut National de la Statistique (INS) et UNICEF.","Suivi de la situation des enfants et des femmes en Tunisie- Enquête par grappes à indicateurs multiples 2011-2012: Rapport Final. MICS. Tunis, Tunisie: MDCI, INS, UNICEF, 2013.",927519.0
TUR,TURKEY,2013.0,Western Asia,Asia,Western Asia and Northern Africa,Eastern Europe and Central Asia,EURO,Upper Middle Income,Europe & Central Asia,2519.0,0.4,1.7,10.9,9.5,1.9,-1,Hacettepe University Institute of Population Studies.,"2013 Turkey demographic and health survey"". Ankara, Turkey: Hacettepe University Institute of Population Studies, T.R. Ministry of Development and TÜBYTAK, 2014.",6635619.000000001
TKM,TURKMENISTAN,2015.0,Central Asia,Asia,Central Asia and Southern Asia,Eastern Europe and Central Asia,EURO,Upper Middle Income,Europe & Central Asia,3718.0,1.1,4.2,5.9,11.5,3.2,-1,The State Committee of Statistics of Turkmenistan and UNICEF,"2015-2016 Turkmenistan Multiple Indicator Cluster Survey, Final Report (and additional analysis)",678766.0
TUV,TUVALU,2007.0,Polynesia,Oceania,Oceania excluding Australia and New Zealand,East Asia and Pacific,WPRO,Upper Middle Income,East Asia & Pacific,430.0,0.9,3.3,6.3,10.0,1.6,-1,"Central Statistics Division (TCSD), SPC and Macro International Inc.","Tuvalu demographic and health survey. DHS. Noumea, New Caledonia: TCSD, SPC and Macro International Inc, 2007 (accessed 22/12/09 http://www.spc.int/sdp/index.php?option=com_docman&task=cat_view&gid=53&Itemid=42).",1000.0
UGA,UGANDA,2016.0,Eastern Africa,Africa,Sub-Saharan Africa,Eastern and Southern Africa,AFRO,Low Income,Sub-Saharan Africa,5110.0,1.3,3.6,3.7,28.9,10.5,(pending reanalysis),Uganda Bureau of Statistics (UBOS); ICF,"Uganda Demographic and Health Survey 2016: Key Indicators Report. Kampala, Uganda: UBOS, and Rockville, Maryland, USA: UBOS and ICF.",7698907.999999999
UKR,UKRAINE,2002.0,Eastern Europe,Europe,Northern America and Europe,Eastern Europe and Central Asia,EURO,Lower Middle Income,Europe & Central Asia,878.0,-1.0,0.3,-1.0,3.7,0.8,Age-adjusted; converted estimates,"Academy of Medical Science of Ukraine, Ministry of Health [Ukraine], Komisarenko Endocrinology and Metabolism, and Institute of Occupational","Health under AMS of Ukraine, State Statistics Committee of Ukraine, UNICEF, CDC. Report of the national micronutrient survey Ukraine. C.: Premier Media, 2004 (and additional analysis).",2030123.0
TZA,UNITED REPUBLIC OF TANZANIA (THE),2015.0,Eastern Africa,Africa,Sub-Saharan Africa,Eastern and Southern Africa,AFRO,Low Income,Sub-Saharan Africa,9886.0,1.2,4.5,3.6,34.4,13.7,(pending reanalysis),National Bureau of Statistics (NBS) [Tanzania].,"Tanzania demographic and health survey  2015-16. Demographic and Health Surveys. Dar es Salaam, Tanzania: NBS and ICFInternational, 2016",9419084.0
USA,UNITED STATES OF AMERICA (THE),2012.0,Northern America,Northern America,Northern America and Europe,North America,AMRO,High Income,North America,600.0,0.0,0.5,6.0,2.1,0.5,-1,Centers for Disease Control and Prevention (CDC). National Center for Health Statistics (NCHS).,"National Health and Nutrition Examination Survey Data. Hyattsville, MD: U.S. Department of Health and Human Services, CDC, [2011-12] [wwwn.cdc.gov/nchs/nhanes/search/nhanes11_12.aspx].",20508408.0
URY,URUGUAY,2011.0,South America,Latin America and the Caribbean,Latin America and the Caribbean,Latin America and Caribbean,AMRO,High Income,Latin America & Caribbean,2979.0,0.0,1.3,7.2,10.7,4.0,Age-adjusted;,"Bove I, Campoy C, Uauy R, Miranda T, Cerruti F. Trends in early growth indices (stunting and overweight) in the first 24 months of life in Uruguay","over the past decade. Public Health Nutrition 2013 (in press). Encuesta nacional sobre estado nutricional, prácticas de alimentación y anemia. Montevideo, Uruguay: MSP, MIDES, RUANDI, UNICEF, 2011 (and additional analysis).",246171.0
UZB,UZBEKISTAN,2006.0,Central Asia,Asia,Central Asia and Southern Asia,Eastern Europe and Central Asia,EURO,Lower Middle Income,Europe & Central Asia,4883.0,1.7,4.5,12.8,19.6,4.4,-1,UNICEF and State Statistical Committee of the Republic of Uzbekistan.,"Uzbekistan multiple indicator cluster survey 2006, Final report. Tashkent, Uzbekistan: UNICEF, 2007 (and additional analysis).",2606168.0000000005
VUT,VANUATU,2013.0,Melanesia,Oceania,Oceania excluding Australia and New Zealand,East Asia and Pacific,WPRO,Lower Middle Income,East Asia & Pacific,1241.0,1.1,4.4,4.6,28.5,10.7,(pending reanalysis),Vanuatu  National  Statistics  Office (VNSO) and Secretariat of the Pacific  Community (SPC).,"Vanuatu demographic and health survey 2013. Port Vila, Vanuatu, 2014.",35244.0
VEN,VENEZUELA (BOLIVARIAN REPUBLIC OF),2009.0,South America,Latin America and the Caribbean,Latin America and the Caribbean,Latin America and Caribbean,AMRO,Upper Middle Income,Latin America & Caribbean,-1.0,-1.0,4.1,6.4,13.4,2.9,Converted estimates,"Gobierno Bolivariano de Venezuela, Ministerio del Poder Popular para la Salud, Instituto Nacional de Nutrición (INN).","Ficha técnica: Evaluación antropométrica nutricional en menores de 5 años según criterios internacionales. Caracas, Venezuela: Gobierno Bolivariano de Venezuela, Ministerio del Poder Popular para la Salud, INN, 2012 (and additional analysis).",2941185.0
VNM,VIET NAM,2015.0,South-Eastern Asia,Asia,Eastern Asia and South-eastern Asia,East Asia and Pacific,WPRO,Lower Middle Income,East Asia & Pacific,98447.0,1.4,6.4,5.3,24.6,14.1,-1,Viet Nam National Institute of Nutrition,"Nutrition surveillance profiles 2015. Hanoi, Viet Nam, 2017.",7752861.000000001
PSE,WEST BANK AND GAZA,2014.0,Western Asia,Asia,Western Asia and Northern Africa,Middle East and North Africa,Not Classified,Lower Middle Income,Middle East & North Africa,-1.0,0.3,1.2,8.2,7.4,1.4,(pending reanalysis),Palestinian Central Bureau of Statistics.,"Palestinian multiple indicator cluster survey 2014: Key findings report (MICS). Ramallah, Palestine, 2014.",685624.0
YEM,YEMEN,2013.0,Western Asia,Asia,Western Asia and Northern Africa,Middle East and North Africa,EMRO,Lower Middle Income,Middle East & North Africa,13823.0,5.2,16.3,2.0,46.5,16.3,(pending reanalysis),"Ministry of Public Health and Population (MOPHP), Central Statistical Organization (CSO) [Yemen], Pan Arab Program for Family Health (PAPFA M), and ICF International.","Yemen National Health and Demographic Survey 2013. Rockville, Maryland, USA: MOPHP, CSO, PAPFAM, and ICF International, 2014.",3895949.0
ZMB,ZAMBIA,2013.0,Eastern Africa,Africa,Sub-Saharan Africa,Eastern and Southern Africa,AFRO,Lower Middle Income,Sub-Saharan Africa,12757.0,2.5,6.3,6.2,40.0,14.8,-1,"Central Statistical Office (CSO) [Zambia], Ministry of Health (MOH) [Zambia], and ICF International.","Zambia demographic and health Survey 2013-14. Demographic and Health Surveys. Rockville, Maryland, USA: Central Statistical Office, Ministry of Health, and ICF International, 2014.",2626277.0
ZWE,ZIMBABWE,2015.0,Eastern Africa,Africa,Sub-Saharan Africa,Eastern and Southern Africa,AFRO,Low Income,Sub-Saharan Africa,6352.0,1.0,3.2,5.6,26.8,8.4,(pending reanalysis),"Zimbabwe National Statistics Agency; ICF International,m Rockville, Maryland, USA","Zimbabwe Demographic and Health Survey 2015, November 2016",2505484.0000000005
